,,,,,,,,,,
,Date,Category A,Customer,Qty Sold,Revenue,Quarter,,,,
0,10/1/2017,A,2,18,"4,058,699",2017Q4,,,,
1,10/1/2017,A,1,29,"13,178,000",2017Q4,,,,
2,10/2/2017,A,1,55,"23,493,200",2017Q4,,,,
3,10/2/2017,A,2,30,"6,540,835",2017Q4,,,,
4,10/3/2017,A,2,25,"5,888,624",2017Q4,,,,
5,10/3/2017,A,1,52,"23,179,200",2017Q4,,,,
6,10/4/2017,A,2,23,"5,918,669",2017Q4,,,,
7,10/4/2017,A,1,54,"21,963,850",2017Q4,,,,
8,10/5/2017,A,2,31,"5,427,120",2017Q4,,,,
9,10/5/2017,A,1,50,"21,548,800",2017Q4,,,,
10,10/6/2017,A,2,26,"5,297,065",2017Q4,,,,
11,10/6/2017,A,1,48,"21,243,660",2017Q4,,,,
12,10/7/2017,A,1,37,"15,524,450",2017Q4,,,,
13,10/7/2017,A,2,23,"5,306,216",2017Q4,,,,
14,10/8/2017,A,2,21,"5,501,350",2017Q4,,,,
15,10/8/2017,A,1,35,"15,520,650",2017Q4,,,,
16,10/9/2017,A,1,45,"17,922,500",2017Q4,,,,
17,10/9/2017,A,2,32,"9,359,720",2017Q4,,,,
18,10/10/2017,A,1,52,"23,355,500",2017Q4,,,,
19,10/10/2017,A,2,35,"9,595,540",2017Q4,,,,
20,10/11/2017,A,1,50,"25,560,600",2017Q4,,,,
21,10/11/2017,A,2,34,"6,929,720",2017Q4,,,,
22,10/12/2017,A,1,54,"26,305,041",2017Q4,,,,
23,10/12/2017,A,2,38,"7,819,551",2017Q4,,,,
24,10/13/2017,A,1,36,"14,803,400",2017Q4,,,,
25,10/13/2017,A,2,30,"5,960,875",2017Q4,,,,
26,10/14/2017,A,2,20,"5,113,984",2017Q4,,,,
27,10/14/2017,A,1,25,"9,637,100",2017Q4,,,,
28,10/15/2017,A,1,22,"8,303,450",2017Q4,,,,
29,10/15/2017,A,2,26,"6,659,747",2017Q4,,,,
30,10/16/2017,A,2,31,"6,409,097",2017Q4,,,,
31,10/16/2017,A,1,36,"14,803,700",2017Q4,,,,
32,10/17/2017,A,1,37,"17,157,438",2017Q4,,,,
33,10/17/2017,A,2,30,"7,029,152",2017Q4,,,,
34,10/18/2017,A,2,27,"5,480,885",2017Q4,,,,
35,10/18/2017,A,1,39,"21,768,000",2017Q4,,,,
36,10/19/2017,A,1,32,"13,378,850",2017Q4,,,,
37,10/19/2017,A,2,25,"5,384,914",2017Q4,,,,
38,10/20/2017,A,2,23,"4,404,567",2017Q4,,,,
39,10/20/2017,A,1,31,"15,650,400",2017Q4,,,,
40,10/21/2017,A,1,23,"10,782,200",2017Q4,,,,
41,10/21/2017,A,2,25,"8,272,770",2017Q4,,,,
42,10/22/2017,A,2,24,"5,095,875",2017Q4,,,,
43,10/22/2017,A,1,21,"7,103,400",2017Q4,,,,
44,10/23/2017,A,1,46,"21,054,300",2017Q4,,,,
45,10/23/2017,A,2,38,"9,577,250",2017Q4,,,,
46,10/24/2017,A,1,60,"30,233,470",2017Q4,,,,
47,10/24/2017,A,2,36,"8,234,759",2017Q4,,,,
48,10/25/2017,A,1,57,"29,676,110",2017Q4,,,,
49,10/25/2017,A,2,37,"8,142,347",2017Q4,,,,
50,10/26/2017,A,2,32,"5,069,398",2017Q4,,,,
51,10/26/2017,A,1,47,"24,377,610",2017Q4,,,,
52,10/27/2017,A,1,43,"22,052,100",2017Q4,,,,
53,10/27/2017,A,2,31,"6,568,761",2017Q4,,,,
54,10/28/2017,A,2,22,"4,285,845",2017Q4,,,,
55,10/28/2017,A,1,27,"11,523,200",2017Q4,,,,
56,10/29/2017,A,2,22,"5,237,076",2017Q4,,,,
57,10/29/2017,A,1,29,"13,381,200",2017Q4,,,,
58,10/30/2017,A,2,39,"7,118,788",2017Q4,,,,
59,10/30/2017,A,1,48,"20,948,800",2017Q4,,,,
60,10/31/2017,A,2,40,"8,274,825",2017Q4,,,,
61,10/31/2017,A,1,52,"26,890,900",2017Q4,,,,
62,11/1/2017,A,2,35,"6,764,265",2017Q4,,,,
63,11/1/2017,A,1,34,"15,807,060",2017Q4,,,,
64,11/2/2017,A,2,35,"7,040,528",2017Q4,,,,
65,11/2/2017,A,1,38,"21,122,600",2017Q4,,,,
66,11/3/2017,A,2,29,"7,843,352",2017Q4,,,,
67,11/3/2017,A,1,29,"14,791,000",2017Q4,,,,
68,11/4/2017,A,1,23,"10,588,900",2017Q4,,,,
69,11/4/2017,A,2,23,"5,136,131",2017Q4,,,,
70,11/5/2017,A,1,22,"9,058,500",2017Q4,,,,
71,11/5/2017,A,2,23,"4,592,324",2017Q4,,,,
72,11/6/2017,A,1,45,"18,603,650",2017Q4,,,,
73,11/6/2017,A,2,38,"8,890,693",2017Q4,,,,
74,11/7/2017,A,1,39,"19,104,360",2017Q4,,,,
75,11/7/2017,A,2,33,"6,972,982",2017Q4,,,,
76,11/8/2017,A,1,38,"15,853,200",2017Q4,,,,
77,11/8/2017,A,2,32,"6,282,667",2017Q4,,,,
78,11/9/2017,A,2,119,"20,000,914",2017Q4,,,,
79,11/9/2017,A,1,98,"56,933,745",2017Q4,,,,
80,11/10/2017,A,1,151,"79,751,900",2017Q4,,,,
81,11/10/2017,A,2,88,"14,003,055",2017Q4,,,,
82,11/11/2017,A,1,161,"89,773,950",2017Q4,,,,
83,11/11/2017,A,2,139,"21,355,465",2017Q4,,,,
84,11/12/2017,A,2,74,"11,959,720",2017Q4,,,,
85,11/12/2017,A,1,101,"58,183,100",2017Q4,,,,
86,11/13/2017,A,2,49,"9,863,176",2017Q4,,,,
87,11/13/2017,A,1,66,"26,149,700",2017Q4,,,,
88,11/14/2017,A,2,42,"9,826,878",2017Q4,,,,
89,11/14/2017,A,1,43,"16,245,000",2017Q4,,,,
90,11/15/2017,A,2,42,"8,664,807",2017Q4,,,,
91,11/15/2017,A,1,37,"15,531,067",2017Q4,,,,
92,11/16/2017,A,1,40,"17,566,050",2017Q4,,,,
93,11/16/2017,A,2,35,"8,762,980",2017Q4,,,,
94,11/17/2017,A,1,35,"14,923,670",2017Q4,,,,
95,11/17/2017,A,2,30,"5,703,037",2017Q4,,,,
96,11/18/2017,A,2,27,"6,051,451",2017Q4,,,,
97,11/18/2017,A,1,27,"12,052,150",2017Q4,,,,
98,11/19/2017,A,2,27,"6,162,990",2017Q4,,,,
99,11/19/2017,A,1,24,"10,316,160",2017Q4,,,,
100,11/20/2017,A,2,41,"7,269,420",2017Q4,,,,
101,11/20/2017,A,1,42,"16,272,500",2017Q4,,,,
102,11/21/2017,A,1,130,"69,667,760",2017Q4,,,,
103,11/21/2017,A,2,137,"19,444,431",2017Q4,,,,
104,11/22/2017,A,1,141,"57,525,300",2017Q4,,,,
105,11/22/2017,A,2,80,"16,203,676",2017Q4,,,,
106,11/23/2017,A,2,95,"17,052,090",2017Q4,,,,
107,11/23/2017,A,1,118,"54,824,300",2017Q4,,,,
108,11/24/2017,A,2,169,"31,705,343",2017Q4,,,,
109,11/24/2017,A,1,238,"136,283,200",2017Q4,,,,
110,11/25/2017,A,1,43,"21,462,550",2017Q4,,,,
111,11/25/2017,A,2,49,"9,007,359",2017Q4,,,,
112,11/26/2017,A,2,37,"7,639,234",2017Q4,,,,
113,11/26/2017,A,1,34,"19,122,500",2017Q4,,,,
114,11/27/2017,A,1,55,"28,637,600",2017Q4,,,,
115,11/27/2017,A,2,48,"10,035,152",2017Q4,,,,
116,11/28/2017,A,1,45,"19,823,100",2017Q4,,,,
117,11/28/2017,A,2,49,"10,657,617",2017Q4,,,,
118,11/29/2017,A,2,43,"8,904,093",2017Q4,,,,
119,11/29/2017,A,1,44,"25,106,700",2017Q4,,,,
120,11/30/2017,A,1,42,"16,394,500",2017Q4,,,,
121,11/30/2017,A,2,52,"9,536,232",2017Q4,,,,
122,12/1/2017,A,1,49,"30,370,200",2017Q4,,,,
123,12/1/2017,A,2,47,"12,578,579",2017Q4,,,,
124,12/2/2017,A,2,39,"7,031,633",2017Q4,,,,
125,12/2/2017,A,1,42,"21,187,800",2017Q4,,,,
126,12/3/2017,A,1,36,"17,310,600",2017Q4,,,,
127,12/3/2017,A,2,33,"6,322,664",2017Q4,,,,
128,12/4/2017,A,1,38,"15,938,850",2017Q4,,,,
129,12/4/2017,A,2,50,"11,983,926",2017Q4,,,,
130,12/5/2017,A,2,43,"10,321,220",2017Q4,,,,
131,12/5/2017,A,1,40,"17,733,600",2017Q4,,,,
132,12/6/2017,A,2,52,"10,711,039",2017Q4,,,,
133,12/6/2017,A,1,49,"18,061,700",2017Q4,,,,
134,12/7/2017,A,1,35,"13,511,900",2017Q4,,,,
135,12/7/2017,A,2,40,"8,696,137",2017Q4,,,,
136,12/8/2017,A,1,47,"19,110,000",2017Q4,,,,
137,12/8/2017,A,2,32,"7,004,037",2017Q4,,,,
138,12/9/2017,A,2,29,"5,443,550",2017Q4,,,,
139,12/9/2017,A,1,34,"15,898,850",2017Q4,,,,
140,12/10/2017,A,2,22,"4,811,500",2017Q4,,,,
141,12/10/2017,A,1,29,"12,687,900",2017Q4,,,,
142,12/11/2017,A,2,35,"6,667,994",2017Q4,,,,
143,12/11/2017,A,1,43,"22,137,600",2017Q4,,,,
144,12/12/2017,A,2,153,"23,696,054",2017Q4,,,,
145,12/12/2017,A,1,214,"114,516,910",2017Q4,,,,
146,12/13/2017,A,1,110,"65,634,413",2017Q4,,,,
147,12/13/2017,A,2,73,"12,237,097",2017Q4,,,,
148,12/14/2017,A,2,70,"12,735,467",2017Q4,,,,
149,12/14/2017,A,1,101,"59,958,200",2017Q4,,,,
150,12/15/2017,A,2,62,"12,928,419",2017Q4,,,,
151,12/15/2017,A,1,116,"59,088,100",2017Q4,,,,
152,12/16/2017,A,2,41,"6,615,750",2017Q4,,,,
153,12/16/2017,A,1,46,"23,100,600",2017Q4,,,,
154,12/17/2017,A,1,58,"30,275,550",2017Q4,,,,
155,12/17/2017,A,2,45,"6,740,900",2017Q4,,,,
156,12/18/2017,A,1,40,"16,586,650",2017Q4,,,,
157,12/18/2017,A,2,57,"10,668,156",2017Q4,,,,
158,12/19/2017,A,1,41,"16,832,300",2017Q4,,,,
159,12/19/2017,A,2,56,"12,342,819",2017Q4,,,,
160,12/20/2017,A,2,46,"8,979,197",2017Q4,,,,
161,12/20/2017,A,1,38,"17,382,700",2017Q4,,,,
162,12/21/2017,A,1,34,"19,677,300",2017Q4,,,,
163,12/21/2017,A,2,55,"11,882,340",2017Q4,,,,
164,12/22/2017,A,2,45,"8,842,700",2017Q4,,,,
165,12/22/2017,A,1,40,"21,394,600",2017Q4,,,,
166,12/23/2017,A,2,32,"5,348,597",2017Q4,,,,
167,12/23/2017,A,1,33,"18,172,450",2017Q4,,,,
168,12/24/2017,A,1,26,"19,145,800",2017Q4,,,,
169,12/24/2017,A,2,29,"6,654,940",2017Q4,,,,
170,12/25/2017,A,1,78,"76,593,033",2017Q4,,,,
171,12/25/2017,A,2,50,"9,870,298",2017Q4,,,,
172,12/26/2017,A,1,72,"32,801,750",2017Q4,,,,
173,12/26/2017,A,2,46,"9,102,988",2017Q4,,,,
174,12/27/2017,A,1,64,"34,024,600",2017Q4,,,,
175,12/27/2017,A,2,63,"13,637,988",2017Q4,,,,
176,12/28/2017,A,1,64,"31,858,100",2017Q4,,,,
177,12/28/2017,A,2,50,"8,938,209",2017Q4,,,,
178,12/29/2017,A,2,49,"10,053,779",2017Q4,,,,
179,12/29/2017,A,1,66,"31,762,500",2017Q4,,,,
180,12/30/2017,A,1,46,"24,476,600",2017Q4,,,,
181,12/30/2017,A,2,36,"5,413,389",2017Q4,,,,
182,12/31/2017,A,2,40,"6,325,239",2017Q4,,,,
183,12/31/2017,A,1,44,"20,258,000",2017Q4,,,,
184,1/1/2018,A,1,23,"10,488,500",2018Q1,,,,
185,1/1/2018,A,2,30,"6,041,197",2018Q1,,,,
186,1/2/2018,A,1,65,"36,856,700",2018Q1,,,,
187,1/2/2018,A,2,56,"9,589,370",2018Q1,,,,
188,1/3/2018,A,2,47,"10,114,654",2018Q1,,,,
189,1/3/2018,A,1,73,"41,866,800",2018Q1,,,,
190,1/4/2018,A,1,77,"43,725,050",2018Q1,,,,
191,1/4/2018,A,2,53,"10,570,530",2018Q1,,,,
192,1/5/2018,A,1,67,"39,103,650",2018Q1,,,,
193,1/5/2018,A,2,46,"7,838,410",2018Q1,,,,
194,1/6/2018,A,1,32,"17,539,300",2018Q1,,,,
195,1/6/2018,A,2,34,"7,626,580",2018Q1,,,,
196,1/7/2018,A,2,34,"8,115,656",2018Q1,,,,
197,1/7/2018,A,1,26,"12,471,100",2018Q1,,,,
198,1/8/2018,A,1,45,"23,633,300",2018Q1,,,,
199,1/8/2018,A,2,52,"11,902,590",2018Q1,,,,
200,1/9/2018,A,2,47,"9,072,939",2018Q1,,,,
201,1/9/2018,A,1,47,"25,136,560",2018Q1,,,,
202,1/10/2018,A,2,50,"9,829,396",2018Q1,,,,
203,1/10/2018,A,1,68,"46,770,200",2018Q1,,,,
204,1/11/2018,A,1,87,"52,502,300",2018Q1,,,,
205,1/11/2018,A,2,37,"6,768,090",2018Q1,,,,
206,1/12/2018,A,2,47,"8,074,469",2018Q1,,,,
207,1/12/2018,A,1,65,"49,317,300",2018Q1,,,,
208,1/13/2018,A,2,29,"5,634,280",2018Q1,,,,
209,1/13/2018,A,1,40,"24,583,400",2018Q1,,,,
210,1/14/2018,A,2,30,"5,726,535",2018Q1,,,,
211,1/14/2018,A,1,42,"27,830,000",2018Q1,,,,
212,1/15/2018,A,1,67,"44,544,700",2018Q1,,,,
213,1/15/2018,A,2,49,"9,795,615",2018Q1,,,,
214,1/16/2018,A,2,40,"8,547,465",2018Q1,,,,
215,1/16/2018,A,1,59,"40,047,700",2018Q1,,,,
216,1/17/2018,A,1,57,"36,248,600",2018Q1,,,,
217,1/17/2018,A,2,42,"8,345,950",2018Q1,,,,
218,1/18/2018,A,1,59,"38,170,500",2018Q1,,,,
219,1/18/2018,A,2,43,"7,734,520",2018Q1,,,,
220,1/19/2018,A,2,41,"8,314,905",2018Q1,,,,
221,1/19/2018,A,1,57,"33,469,700",2018Q1,,,,
222,1/20/2018,A,2,33,"7,762,110",2018Q1,,,,
223,1/20/2018,A,1,42,"27,334,200",2018Q1,,,,
224,1/21/2018,A,1,39,"26,014,230",2018Q1,,,,
225,1/21/2018,A,2,31,"6,364,015",2018Q1,,,,
226,1/22/2018,A,1,60,"39,318,100",2018Q1,,,,
227,1/22/2018,A,2,51,"11,244,246",2018Q1,,,,
228,1/23/2018,A,1,68,"38,583,000",2018Q1,,,,
229,1/23/2018,A,2,54,"10,575,185",2018Q1,,,,
230,1/24/2018,A,1,70,"45,051,460",2018Q1,,,,
231,1/24/2018,A,2,47,"9,730,230",2018Q1,,,,
232,1/25/2018,A,1,75,"39,338,860",2018Q1,,,,
233,1/25/2018,A,2,52,"10,828,570",2018Q1,,,,
234,1/26/2018,A,2,51,"9,878,365",2018Q1,,,,
235,1/26/2018,A,1,68,"39,188,000",2018Q1,,,,
236,1/27/2018,A,1,36,"24,252,000",2018Q1,,,,
237,1/27/2018,A,2,40,"8,485,980",2018Q1,,,,
238,1/28/2018,A,2,32,"5,176,690",2018Q1,,,,
239,1/28/2018,A,1,37,"23,318,400",2018Q1,,,,
240,1/29/2018,A,2,56,"12,645,510",2018Q1,,,,
241,1/29/2018,A,1,64,"36,447,950",2018Q1,,,,
242,1/30/2018,A,1,78,"44,593,400",2018Q1,,,,
243,1/30/2018,A,2,55,"12,484,540",2018Q1,,,,
244,1/31/2018,A,1,70,"39,180,000",2018Q1,,,,
245,1/31/2018,A,2,55,"11,517,370",2018Q1,,,,
246,2/1/2018,A,2,59,"14,429,640",2018Q1,,,,
247,2/1/2018,A,1,64,"43,326,600",2018Q1,,,,
248,2/2/2018,A,1,59,"39,139,300",2018Q1,,,,
249,2/2/2018,A,2,48,"10,209,570",2018Q1,,,,
250,2/3/2018,A,2,46,"9,245,076",2018Q1,,,,
251,2/3/2018,A,1,49,"29,375,300",2018Q1,,,,
252,2/4/2018,A,2,40,"9,419,720",2018Q1,,,,
253,2/4/2018,A,1,53,"33,751,700",2018Q1,,,,
254,2/5/2018,A,1,66,"37,967,700",2018Q1,,,,
255,2/5/2018,A,2,63,"12,695,090",2018Q1,,,,
256,2/6/2018,A,1,76,"44,022,100",2018Q1,,,,
257,2/6/2018,A,2,59,"12,022,916",2018Q1,,,,
258,2/7/2018,A,2,56,"11,541,872",2018Q1,,,,
259,2/7/2018,A,1,68,"39,150,200",2018Q1,,,,
260,2/8/2018,A,1,60,"38,269,800",2018Q1,,,,
261,2/8/2018,A,2,54,"11,859,540",2018Q1,,,,
262,2/9/2018,A,2,49,"10,455,036",2018Q1,,,,
263,2/9/2018,A,1,59,"40,215,900",2018Q1,,,,
264,2/10/2018,A,1,51,"31,569,420",2018Q1,,,,
265,2/10/2018,A,2,45,"10,830,650",2018Q1,,,,
266,2/11/2018,A,2,36,"7,453,660",2018Q1,,,,
267,2/11/2018,A,1,39,"23,248,500",2018Q1,,,,
268,2/12/2018,A,2,49,"11,593,436",2018Q1,,,,
269,2/12/2018,A,1,55,"35,828,200",2018Q1,,,,
270,2/13/2018,A,1,37,"24,805,600",2018Q1,,,,
271,2/13/2018,A,2,33,"7,455,000",2018Q1,,,,
272,2/14/2018,A,1,26,"17,541,100",2018Q1,,,,
273,2/14/2018,A,2,24,"6,826,706",2018Q1,,,,
274,2/15/2018,A,1,20,"11,367,300",2018Q1,,,,
275,2/15/2018,A,2,20,"3,995,750",2018Q1,,,,
276,2/16/2018,A,2,31,"5,099,822",2018Q1,,,,
277,2/16/2018,A,1,29,"16,750,700",2018Q1,,,,
278,2/17/2018,A,2,34,"8,366,840",2018Q1,,,,
279,2/17/2018,A,1,35,"22,728,600",2018Q1,,,,
280,2/18/2018,A,2,46,"8,365,518",2018Q1,,,,
281,2/18/2018,A,1,40,"21,326,100",2018Q1,,,,
282,2/19/2018,A,1,49,"24,412,960",2018Q1,,,,
283,2/19/2018,A,2,47,"10,593,190",2018Q1,,,,
284,2/20/2018,A,2,61,"10,637,606",2018Q1,,,,
285,2/20/2018,A,1,60,"32,812,800",2018Q1,,,,
286,2/21/2018,A,1,79,"38,035,300",2018Q1,,,,
287,2/21/2018,A,2,79,"16,922,520",2018Q1,,,,
288,2/22/2018,A,1,95,"50,266,100",2018Q1,,,,
289,2/22/2018,A,2,78,"17,656,020",2018Q1,,,,
290,2/23/2018,A,2,82,"18,215,292",2018Q1,,,,
291,2/23/2018,A,1,94,"47,673,700",2018Q1,,,,
292,2/24/2018,A,1,78,"40,071,050",2018Q1,,,,
293,2/24/2018,A,2,69,"15,686,770",2018Q1,,,,
294,2/25/2018,A,1,69,"38,259,000",2018Q1,,,,
295,2/25/2018,A,2,76,"14,142,680",2018Q1,,,,
296,2/26/2018,A,2,93,"18,133,476",2018Q1,,,,
297,2/26/2018,A,1,97,"47,680,100",2018Q1,,,,
298,2/27/2018,A,1,91,"45,629,800",2018Q1,,,,
299,2/27/2018,A,2,75,"14,496,390",2018Q1,,,,
300,2/28/2018,A,1,91,"53,295,600",2018Q1,,,,
301,2/28/2018,A,2,80,"17,092,948",2018Q1,,,,
302,3/1/2018,A,1,64,"35,078,260",2018Q1,,,,
303,3/1/2018,A,2,71,"14,561,290",2018Q1,,,,
304,3/2/2018,A,2,74,"13,587,150",2018Q1,,,,
305,3/2/2018,A,1,53,"25,180,000",2018Q1,,,,
306,3/3/2018,A,2,57,"11,448,770",2018Q1,,,,
307,3/3/2018,A,1,43,"27,386,400",2018Q1,,,,
308,3/4/2018,A,1,41,"26,170,750",2018Q1,,,,
309,3/4/2018,A,2,61,"12,445,980",2018Q1,,,,
310,3/5/2018,A,2,85,"16,317,476",2018Q1,,,,
311,3/5/2018,A,1,84,"45,589,200",2018Q1,,,,
312,3/6/2018,A,2,77,"16,146,590",2018Q1,,,,
313,3/6/2018,A,1,79,"37,513,800",2018Q1,,,,
314,3/7/2018,A,2,65,"13,624,180",2018Q1,,,,
315,3/7/2018,A,1,80,"41,054,000",2018Q1,,,,
316,3/8/2018,A,2,61,"13,617,255",2018Q1,,,,
317,3/8/2018,A,1,68,"38,806,660",2018Q1,,,,
318,3/9/2018,A,1,67,"42,078,460",2018Q1,,,,
319,3/9/2018,A,2,58,"11,256,540",2018Q1,,,,
320,3/10/2018,A,2,59,"9,798,175",2018Q1,,,,
321,3/10/2018,A,1,46,"26,183,500",2018Q1,,,,
322,3/11/2018,A,2,51,"8,389,155",2018Q1,,,,
323,3/11/2018,A,1,57,"29,512,300",2018Q1,,,,
324,3/12/2018,A,2,75,"14,060,935",2018Q1,,,,
325,3/12/2018,A,1,85,"47,926,263",2018Q1,,,,
326,3/13/2018,A,1,110,"55,853,800",2018Q1,,,,
327,3/13/2018,A,2,82,"16,789,095",2018Q1,,,,
328,3/14/2018,A,2,81,"17,133,040",2018Q1,,,,
329,3/14/2018,A,1,161,"162,781,800",2018Q1,,,,
330,3/15/2018,A,2,82,"15,228,575",2018Q1,,,,
331,3/15/2018,A,1,95,"50,939,900",2018Q1,,,,
332,3/16/2018,A,1,95,"61,965,200",2018Q1,,,,
333,3/16/2018,A,2,73,"12,905,765",2018Q1,,,,
334,3/17/2018,A,1,107,"69,666,200",2018Q1,,,,
335,3/17/2018,A,2,60,"12,910,255",2018Q1,,,,
336,3/18/2018,A,1,113,"94,399,300",2018Q1,,,,
337,3/18/2018,A,2,53,"10,458,405",2018Q1,,,,
338,3/19/2018,A,1,125,"82,418,300",2018Q1,,,,
339,3/19/2018,A,2,79,"14,889,736",2018Q1,,,,
340,3/20/2018,A,1,99,"51,061,100",2018Q1,,,,
341,3/20/2018,A,2,78,"14,898,050",2018Q1,,,,
342,3/21/2018,A,1,98,"57,142,750",2018Q1,,,,
343,3/21/2018,A,2,80,"14,864,400",2018Q1,,,,
344,3/22/2018,A,2,77,"16,827,634",2018Q1,,,,
345,3/22/2018,A,1,94,"55,223,300",2018Q1,,,,
346,3/23/2018,A,1,86,"54,307,873",2018Q1,,,,
347,3/23/2018,A,2,65,"12,417,085",2018Q1,,,,
348,3/24/2018,A,1,70,"46,770,900",2018Q1,,,,
349,3/24/2018,A,2,55,"10,196,911",2018Q1,,,,
350,3/25/2018,A,1,66,"35,298,100",2018Q1,,,,
351,3/25/2018,A,2,56,"11,055,135",2018Q1,,,,
352,3/26/2018,A,1,93,"55,019,600",2018Q1,,,,
353,3/26/2018,A,2,87,"16,183,991",2018Q1,,,,
354,3/27/2018,A,2,81,"14,592,815",2018Q1,,,,
355,3/27/2018,A,1,108,"61,462,030",2018Q1,,,,
356,3/28/2018,A,1,92,"48,981,000",2018Q1,,,,
357,3/28/2018,A,2,84,"13,129,873",2018Q1,,,,
358,3/29/2018,A,2,95,"19,469,290",2018Q1,,,,
359,3/29/2018,A,1,208,"108,569,100",2018Q1,,,,
360,3/30/2018,A,1,101,"52,538,060",2018Q1,,,,
361,3/30/2018,A,2,87,"14,974,300",2018Q1,,,,
362,3/31/2018,A,1,79,"41,622,490",2018Q1,,,,
363,3/31/2018,A,2,64,"11,045,640",2018Q1,,,,
364,4/1/2018,A,1,73,"39,288,500",2018Q2,,,,
365,4/1/2018,A,2,58,"9,346,650",2018Q2,,,,
366,4/2/2018,A,2,82,"15,170,094",2018Q2,,,,
367,4/2/2018,A,1,74,"33,578,820",2018Q2,,,,
368,4/3/2018,A,2,94,"18,079,834",2018Q2,,,,
369,4/3/2018,A,1,85,"44,349,850",2018Q2,,,,
370,4/4/2018,A,1,79,"44,099,350",2018Q2,,,,
371,4/4/2018,A,2,79,"15,484,120",2018Q2,,,,
372,4/5/2018,A,1,111,"61,008,368",2018Q2,,,,
373,4/5/2018,A,2,74,"13,892,812",2018Q2,,,,
374,4/6/2018,A,1,152,"82,258,100",2018Q2,,,,
375,4/6/2018,A,2,74,"13,069,567",2018Q2,,,,
376,4/7/2018,A,1,62,"29,745,000",2018Q2,,,,
377,4/7/2018,A,2,56,"11,912,962",2018Q2,,,,
378,4/8/2018,A,1,63,"28,768,500",2018Q2,,,,
379,4/8/2018,A,2,56,"11,976,150",2018Q2,,,,
380,4/9/2018,A,1,73,"37,835,650",2018Q2,,,,
381,4/9/2018,A,2,77,"16,214,100",2018Q2,,,,
382,4/10/2018,A,1,78,"39,930,300",2018Q2,,,,
383,4/10/2018,A,2,75,"13,125,180",2018Q2,,,,
384,4/11/2018,A,2,79,"15,421,855",2018Q2,,,,
385,4/11/2018,A,1,75,"40,433,960",2018Q2,,,,
386,4/12/2018,A,1,130,"70,082,000",2018Q2,,,,
387,4/12/2018,A,2,69,"14,520,290",2018Q2,,,,
388,4/13/2018,A,2,68,"13,685,015",2018Q2,,,,
389,4/13/2018,A,1,62,"34,423,000",2018Q2,,,,
390,4/14/2018,A,2,52,"10,794,692",2018Q2,,,,
391,4/14/2018,A,1,36,"20,690,500",2018Q2,,,,
392,4/15/2018,A,2,54,"10,200,345",2018Q2,,,,
393,4/15/2018,A,1,36,"28,394,700",2018Q2,,,,
394,4/16/2018,A,2,73,"14,530,074",2018Q2,,,,
395,4/16/2018,A,1,60,"36,323,300",2018Q2,,,,
396,4/17/2018,A,2,78,"16,129,130",2018Q2,,,,
397,4/17/2018,A,1,56,"28,656,600",2018Q2,,,,
398,4/18/2018,A,1,68,"46,456,300",2018Q2,,,,
399,4/18/2018,A,2,81,"16,329,609",2018Q2,,,,
400,4/19/2018,A,1,74,"56,066,200",2018Q2,,,,
401,4/19/2018,A,2,71,"12,728,940",2018Q2,,,,
402,4/20/2018,A,1,163,"94,625,555",2018Q2,,,,
403,4/20/2018,A,2,80,"16,174,862",2018Q2,,,,
404,4/21/2018,A,1,72,"53,420,800",2018Q2,,,,
405,4/21/2018,A,2,68,"15,764,107",2018Q2,,,,
406,4/22/2018,A,2,62,"11,105,360",2018Q2,,,,
407,4/22/2018,A,1,51,"31,289,350",2018Q2,,,,
408,4/23/2018,A,2,78,"16,484,045",2018Q2,,,,
409,4/23/2018,A,1,70,"41,461,600",2018Q2,,,,
410,4/24/2018,A,2,73,"13,765,710",2018Q2,,,,
411,4/24/2018,A,1,97,"51,144,050",2018Q2,,,,
412,4/25/2018,A,1,74,"39,908,700",2018Q2,,,,
413,4/25/2018,A,2,48,"10,600,630",2018Q2,,,,
414,4/26/2018,A,2,75,"14,836,930",2018Q2,,,,
415,4/26/2018,A,1,87,"47,152,700",2018Q2,,,,
416,4/27/2018,A,1,70,"40,102,700",2018Q2,,,,
417,4/27/2018,A,2,58,"10,518,315",2018Q2,,,,
418,4/28/2018,A,1,35,"22,601,000",2018Q2,,,,
419,4/28/2018,A,2,49,"9,588,060",2018Q2,,,,
420,4/29/2018,A,2,42,"8,557,565",2018Q2,,,,
421,4/29/2018,A,1,28,"14,416,200",2018Q2,,,,
422,4/30/2018,A,1,48,"29,113,200",2018Q2,,,,
423,4/30/2018,A,2,49,"13,913,125",2018Q2,,,,
424,5/1/2018,A,2,57,"10,962,400",2018Q2,,,,
425,5/1/2018,A,1,48,"29,628,220",2018Q2,,,,
426,5/2/2018,A,2,86,"17,989,090",2018Q2,,,,
427,5/2/2018,A,1,70,"39,148,200",2018Q2,,,,
428,5/3/2018,A,1,76,"50,799,940",2018Q2,,,,
429,5/3/2018,A,2,130,"22,288,565",2018Q2,,,,
430,5/4/2018,A,2,74,"14,501,710",2018Q2,,,,
431,5/4/2018,A,1,47,"30,087,150",2018Q2,,,,
432,5/5/2018,A,2,65,"12,346,040",2018Q2,,,,
433,5/5/2018,A,1,76,"58,648,720",2018Q2,,,,
434,5/6/2018,A,1,37,"21,819,050",2018Q2,,,,
435,5/6/2018,A,2,69,"13,967,440",2018Q2,,,,
436,5/7/2018,A,1,88,"48,473,800",2018Q2,,,,
437,5/7/2018,A,2,102,"21,469,410",2018Q2,,,,
438,5/8/2018,A,1,106,"48,990,700",2018Q2,,,,
439,5/8/2018,A,2,110,"21,432,085",2018Q2,,,,
440,5/9/2018,A,2,125,"23,177,630",2018Q2,,,,
441,5/9/2018,A,1,91,"50,696,999",2018Q2,,,,
442,5/10/2018,A,2,96,"18,815,145",2018Q2,,,,
443,5/10/2018,A,1,118,"69,174,118",2018Q2,,,,
444,5/11/2018,A,2,92,"18,390,253",2018Q2,,,,
445,5/11/2018,A,1,109,"66,508,300",2018Q2,,,,
446,5/12/2018,A,2,79,"16,302,600",2018Q2,,,,
447,5/12/2018,A,1,81,"43,192,120",2018Q2,,,,
448,5/13/2018,A,1,66,"31,013,750",2018Q2,,,,
449,5/13/2018,A,2,65,"15,186,421",2018Q2,,,,
450,5/14/2018,A,1,79,"41,325,050",2018Q2,,,,
451,5/14/2018,A,2,122,"21,602,100",2018Q2,,,,
452,5/15/2018,A,1,215,"271,863,820",2018Q2,,,,
453,5/15/2018,A,2,133,"25,098,913",2018Q2,,,,
454,5/16/2018,A,2,97,"22,674,275",2018Q2,,,,
455,5/16/2018,A,1,75,"65,143,800",2018Q2,,,,
456,5/17/2018,A,1,61,"66,079,400",2018Q2,,,,
457,5/17/2018,A,2,107,"19,945,489",2018Q2,,,,
458,5/18/2018,A,1,56,"44,594,200",2018Q2,,,,
459,5/18/2018,A,2,92,"17,892,287",2018Q2,,,,
460,5/19/2018,A,2,87,"17,654,660",2018Q2,,,,
461,5/19/2018,A,1,49,"40,639,000",2018Q2,,,,
462,5/20/2018,A,2,76,"19,055,645",2018Q2,,,,
463,5/20/2018,A,1,40,"24,603,800",2018Q2,,,,
464,5/21/2018,A,1,85,"45,426,300",2018Q2,,,,
465,5/21/2018,A,2,100,"20,647,705",2018Q2,,,,
466,5/22/2018,A,1,86,"43,238,000",2018Q2,,,,
467,5/22/2018,A,2,99,"19,200,960",2018Q2,,,,
468,5/23/2018,A,2,92,"16,866,030",2018Q2,,,,
469,5/23/2018,A,1,75,"45,555,130",2018Q2,,,,
470,5/24/2018,A,2,84,"15,916,280",2018Q2,,,,
471,5/24/2018,A,1,80,"34,842,300",2018Q2,,,,
472,5/25/2018,A,1,80,"43,944,820",2018Q2,,,,
473,5/25/2018,A,2,73,"16,413,680",2018Q2,,,,
474,5/26/2018,A,2,61,"12,968,635",2018Q2,,,,
475,5/26/2018,A,1,69,"48,344,850",2018Q2,,,,
476,5/27/2018,A,1,68,"44,216,600",2018Q2,,,,
477,5/27/2018,A,2,69,"11,307,175",2018Q2,,,,
478,5/28/2018,A,1,155,"98,434,700",2018Q2,,,,
479,5/28/2018,A,2,95,"21,315,110",2018Q2,,,,
480,5/29/2018,A,1,104,"77,066,300",2018Q2,,,,
481,5/29/2018,A,2,89,"17,438,355",2018Q2,,,,
482,5/30/2018,A,1,100,"77,351,900",2018Q2,,,,
483,5/30/2018,A,2,85,"17,552,849",2018Q2,,,,
484,5/31/2018,A,2,81,"15,976,625",2018Q2,,,,
485,5/31/2018,A,1,85,"57,719,250",2018Q2,,,,
486,6/1/2018,A,2,66,"18,147,349",2018Q2,,,,
487,6/1/2018,A,1,53,"26,075,800",2018Q2,,,,
488,6/2/2018,A,1,43,"21,639,100",2018Q2,,,,
489,6/2/2018,A,2,63,"18,203,680",2018Q2,,,,
490,6/3/2018,A,1,37,"19,170,300",2018Q2,,,,
491,6/3/2018,A,2,57,"12,399,720",2018Q2,,,,
492,6/4/2018,A,2,99,"18,798,990",2018Q2,,,,
493,6/4/2018,A,1,62,"29,838,160",2018Q2,,,,
494,6/5/2018,A,1,85,"32,833,600",2018Q2,,,,
495,6/5/2018,A,2,101,"19,615,680",2018Q2,,,,
496,6/6/2018,A,1,72,"38,590,160",2018Q2,,,,
497,6/6/2018,A,2,94,"17,510,329",2018Q2,,,,
498,6/7/2018,A,2,90,"18,234,350",2018Q2,,,,
499,6/7/2018,A,1,64,"37,272,100",2018Q2,,,,
500,6/8/2018,A,1,62,"32,916,100",2018Q2,,,,
501,6/8/2018,A,2,87,"18,528,910",2018Q2,,,,
502,6/9/2018,A,1,52,"30,136,520",2018Q2,,,,
503,6/9/2018,A,2,74,"14,151,700",2018Q2,,,,
504,6/10/2018,A,2,68,"13,318,180",2018Q2,,,,
505,6/10/2018,A,1,54,"28,346,000",2018Q2,,,,
506,6/11/2018,A,2,103,"19,684,885",2018Q2,,,,
507,6/11/2018,A,1,65,"40,276,670",2018Q2,,,,
508,6/12/2018,A,1,60,"32,274,000",2018Q2,,,,
509,6/12/2018,A,2,103,"21,054,500",2018Q2,,,,
510,6/13/2018,A,2,124,"26,929,467",2018Q2,,,,
511,6/13/2018,A,1,131,"76,306,800",2018Q2,,,,
512,6/14/2018,A,2,94,"21,938,750",2018Q2,,,,
513,6/14/2018,A,1,82,"126,772,420",2018Q2,,,,
514,6/15/2018,A,2,92,"17,488,943",2018Q2,,,,
515,6/15/2018,A,1,61,"29,798,320",2018Q2,,,,
516,6/16/2018,A,2,68,"14,856,550",2018Q2,,,,
517,6/16/2018,A,1,44,"23,405,300",2018Q2,,,,
518,6/17/2018,A,1,39,"22,930,800",2018Q2,,,,
519,6/17/2018,A,2,60,"12,644,663",2018Q2,,,,
520,6/18/2018,A,2,95,"19,536,595",2018Q2,,,,
521,6/18/2018,A,1,72,"36,915,000",2018Q2,,,,
522,6/19/2018,A,1,74,"41,640,400",2018Q2,,,,
523,6/19/2018,A,2,87,"16,677,264",2018Q2,,,,
524,6/20/2018,A,1,74,"36,857,900",2018Q2,,,,
525,6/20/2018,A,2,109,"21,917,846",2018Q2,,,,
526,6/21/2018,A,1,78,"45,750,020",2018Q2,,,,
527,6/21/2018,A,2,97,"22,872,081",2018Q2,,,,
528,6/22/2018,A,2,77,"14,836,100",2018Q2,,,,
529,6/22/2018,A,1,67,"34,962,800",2018Q2,,,,
530,6/23/2018,A,2,70,"16,833,109",2018Q2,,,,
531,6/23/2018,A,1,66,"32,287,700",2018Q2,,,,
532,6/24/2018,A,2,61,"14,240,239",2018Q2,,,,
533,6/24/2018,A,1,39,"19,228,600",2018Q2,,,,
534,6/25/2018,A,1,82,"39,942,700",2018Q2,,,,
535,6/25/2018,A,2,87,"19,802,938",2018Q2,,,,
536,6/26/2018,A,1,97,"43,569,400",2018Q2,,,,
537,6/26/2018,A,2,94,"18,168,218",2018Q2,,,,
538,6/27/2018,A,1,103,"51,902,400",2018Q2,,,,
539,6/27/2018,A,2,120,"24,010,439",2018Q2,,,,
540,6/28/2018,A,1,105,"56,192,300",2018Q2,,,,
541,6/28/2018,A,2,109,"24,509,430",2018Q2,,,,
542,6/29/2018,A,1,118,"59,929,000",2018Q2,,,,
543,6/29/2018,A,2,121,"24,969,230",2018Q2,,,,
544,6/30/2018,A,1,112,"53,099,536",2018Q2,,,,
545,6/30/2018,A,2,81,"19,707,980",2018Q2,,,,
546,7/1/2018,A,1,48,"25,518,900",2018Q3,,,,
547,7/1/2018,A,2,66,"13,468,700",2018Q3,,,,
548,7/2/2018,A,2,98,"20,841,830",2018Q3,,,,
549,7/2/2018,A,1,70,"28,104,800",2018Q3,,,,
550,7/3/2018,A,1,66,"36,243,100",2018Q3,,,,
551,7/3/2018,A,2,98,"18,849,050",2018Q3,,,,
552,7/4/2018,A,2,112,"23,629,480",2018Q3,,,,
553,7/4/2018,A,1,104,"44,602,000",2018Q3,,,,
554,7/5/2018,A,1,119,"53,705,600",2018Q3,,,,
555,7/5/2018,A,2,111,"25,138,860",2018Q3,,,,
556,7/6/2018,A,2,108,"22,089,370",2018Q3,,,,
557,7/6/2018,A,1,108,"64,916,500",2018Q3,,,,
558,7/7/2018,A,1,79,"38,528,300",2018Q3,,,,
559,7/7/2018,A,2,85,"20,360,760",2018Q3,,,,
560,7/8/2018,A,1,74,"35,911,700",2018Q3,,,,
561,7/8/2018,A,2,78,"18,022,370",2018Q3,,,,
562,7/9/2018,A,2,133,"30,218,840",2018Q3,,,,
563,7/9/2018,A,1,120,"66,859,100",2018Q3,,,,
564,7/10/2018,A,2,124,"28,298,420",2018Q3,,,,
565,7/10/2018,A,1,111,"50,406,083",2018Q3,,,,
566,7/11/2018,A,1,89,"36,104,700",2018Q3,,,,
567,7/11/2018,A,2,109,"22,511,569",2018Q3,,,,
568,7/12/2018,A,2,105,"22,008,290",2018Q3,,,,
569,7/12/2018,A,1,80,"36,474,700",2018Q3,,,,
570,7/13/2018,A,1,76,"38,978,800",2018Q3,,,,
571,7/13/2018,A,2,92,"20,680,580",2018Q3,,,,
572,7/14/2018,A,1,53,"23,049,800",2018Q3,,,,
573,7/14/2018,A,2,77,"16,265,160",2018Q3,,,,
574,7/15/2018,A,1,47,"22,610,500",2018Q3,,,,
575,7/15/2018,A,2,74,"16,155,770",2018Q3,,,,
576,7/16/2018,A,2,115,"21,627,140",2018Q3,,,,
577,7/16/2018,A,1,109,"45,411,400",2018Q3,,,,
578,7/17/2018,A,2,122,"23,773,020",2018Q3,,,,
579,7/17/2018,A,1,105,"48,428,980",2018Q3,,,,
580,7/18/2018,A,2,123,"23,947,090",2018Q3,,,,
581,7/18/2018,A,1,90,"46,658,620",2018Q3,,,,
582,7/19/2018,A,1,90,"45,736,100",2018Q3,,,,
583,7/19/2018,A,2,107,"21,086,390",2018Q3,,,,
584,7/20/2018,A,2,106,"21,547,060",2018Q3,,,,
585,7/20/2018,A,1,85,"37,858,100",2018Q3,,,,
586,7/21/2018,A,1,75,"38,968,700",2018Q3,,,,
587,7/21/2018,A,2,80,"16,020,935",2018Q3,,,,
588,7/22/2018,A,2,76,"15,192,629",2018Q3,,,,
589,7/22/2018,A,1,84,"37,650,700",2018Q3,,,,
590,7/23/2018,A,2,125,"29,183,564",2018Q3,,,,
591,7/23/2018,A,1,101,"46,406,500",2018Q3,,,,
592,7/24/2018,A,1,69,"35,171,100",2018Q3,,,,
593,7/24/2018,A,2,106,"26,603,710",2018Q3,,,,
594,7/25/2018,A,2,116,"24,825,840",2018Q3,,,,
595,7/25/2018,A,1,65,"35,173,850",2018Q3,,,,
596,7/26/2018,A,2,109,"23,513,525",2018Q3,,,,
597,7/26/2018,A,1,66,"35,485,900",2018Q3,,,,
598,7/27/2018,A,2,101,"20,976,960",2018Q3,,,,
599,7/27/2018,A,1,76,"42,344,511",2018Q3,,,,
600,7/28/2018,A,1,99,"48,970,950",2018Q3,,,,
601,7/28/2018,A,2,77,"17,750,009",2018Q3,,,,
602,7/29/2018,A,1,49,"25,057,400",2018Q3,,,,
603,7/29/2018,A,2,82,"18,083,977",2018Q3,,,,
604,7/30/2018,A,1,89,"45,196,389",2018Q3,,,,
605,7/30/2018,A,2,127,"29,996,046",2018Q3,,,,
606,7/31/2018,A,2,133,"31,638,733",2018Q3,,,,
607,7/31/2018,A,1,83,"44,778,200",2018Q3,,,,
608,8/1/2018,A,1,61,"35,871,820",2018Q3,,,,
609,8/1/2018,A,2,164,"27,696,459",2018Q3,,,,
610,8/2/2018,A,2,129,"26,064,524",2018Q3,,,,
611,8/2/2018,A,1,69,"36,902,800",2018Q3,,,,
612,8/3/2018,A,1,56,"33,349,200",2018Q3,,,,
613,8/3/2018,A,2,123,"24,668,609",2018Q3,,,,
614,8/4/2018,A,2,113,"26,568,883",2018Q3,,,,
615,8/4/2018,A,1,396,"710,999,930",2018Q3,,,,
616,8/5/2018,A,2,101,"19,832,033",2018Q3,,,,
617,8/5/2018,A,1,49,"31,034,920",2018Q3,,,,
618,8/6/2018,A,2,152,"32,591,077",2018Q3,,,,
619,8/6/2018,A,1,103,"88,581,340",2018Q3,,,,
620,8/7/2018,A,2,140,"27,486,052",2018Q3,,,,
621,8/7/2018,A,1,76,"45,927,010",2018Q3,,,,
622,8/8/2018,A,2,162,"33,269,669",2018Q3,,,,
623,8/8/2018,A,1,213,"173,033,851",2018Q3,,,,
624,8/9/2018,A,2,158,"32,629,366",2018Q3,,,,
625,8/9/2018,A,1,179,"188,010,660",2018Q3,,,,
626,8/10/2018,A,2,162,"35,486,937",2018Q3,,,,
627,8/10/2018,A,1,77,"48,829,805",2018Q3,,,,
628,8/11/2018,A,1,72,"52,398,700",2018Q3,,,,
629,8/11/2018,A,2,143,"28,054,603",2018Q3,,,,
630,8/12/2018,A,1,55,"33,273,200",2018Q3,,,,
631,8/12/2018,A,2,109,"22,695,072",2018Q3,,,,
632,8/13/2018,A,2,153,"34,281,398",2018Q3,,,,
633,8/13/2018,A,1,99,"61,781,710",2018Q3,,,,
634,8/14/2018,A,2,164,"34,190,539",2018Q3,,,,
635,8/14/2018,A,1,103,"61,851,640",2018Q3,,,,
636,8/15/2018,A,2,176,"34,901,882",2018Q3,,,,
637,8/15/2018,A,1,90,"58,270,868",2018Q3,,,,
638,8/16/2018,A,1,94,"59,267,375",2018Q3,,,,
639,8/16/2018,A,2,173,"34,023,237",2018Q3,,,,
640,8/17/2018,A,1,99,"54,343,850",2018Q3,,,,
641,8/17/2018,A,2,156,"29,102,796",2018Q3,,,,
642,8/18/2018,A,1,84,"50,335,430",2018Q3,,,,
643,8/18/2018,A,2,139,"26,997,769",2018Q3,,,,
644,8/19/2018,A,1,69,"37,318,410",2018Q3,,,,
645,8/19/2018,A,2,114,"22,887,420",2018Q3,,,,
646,8/20/2018,A,2,175,"36,050,593",2018Q3,,,,
647,8/20/2018,A,1,90,"57,095,810",2018Q3,,,,
648,8/21/2018,A,2,159,"30,962,169",2018Q3,,,,
649,8/21/2018,A,1,98,"51,457,830",2018Q3,,,,
650,8/22/2018,A,2,194,"35,624,508",2018Q3,,,,
651,8/22/2018,A,1,90,"53,663,630",2018Q3,,,,
652,8/23/2018,A,2,157,"34,841,025",2018Q3,,,,
653,8/23/2018,A,1,114,"78,448,630",2018Q3,,,,
654,8/24/2018,A,1,108,"54,941,720",2018Q3,,,,
655,8/24/2018,A,2,166,"35,388,284",2018Q3,,,,
656,8/25/2018,A,2,152,"30,502,269",2018Q3,,,,
657,8/25/2018,A,1,91,"42,639,970",2018Q3,,,,
658,8/26/2018,A,2,135,"26,504,035",2018Q3,,,,
659,8/26/2018,A,1,76,"37,847,170",2018Q3,,,,
660,8/27/2018,A,2,188,"34,162,582",2018Q3,,,,
661,8/27/2018,A,1,202,"65,345,680",2018Q3,,,,
662,8/28/2018,A,1,156,"67,300,660",2018Q3,,,,
663,8/28/2018,A,2,168,"33,268,622",2018Q3,,,,
664,8/29/2018,A,1,150,"78,423,190",2018Q3,,,,
665,8/29/2018,A,2,164,"31,295,234",2018Q3,,,,
666,8/30/2018,A,1,149,"72,845,710",2018Q3,,,,
667,8/30/2018,A,2,171,"32,815,364",2018Q3,,,,
668,8/31/2018,A,2,145,"29,279,805",2018Q3,,,,
669,8/31/2018,A,1,105,"61,805,500",2018Q3,,,,
670,9/1/2018,A,1,82,"43,217,740",2018Q3,,,,
671,9/1/2018,A,2,129,"26,215,009",2018Q3,,,,
672,9/2/2018,A,2,99,"20,573,597",2018Q3,,,,
673,9/2/2018,A,1,74,"37,041,990",2018Q3,,,,
674,9/3/2018,A,1,134,"55,407,620",2018Q3,,,,
675,9/3/2018,A,2,153,"29,654,405",2018Q3,,,,
676,9/4/2018,A,1,89,"44,334,830",2018Q3,,,,
677,9/4/2018,A,2,194,"37,141,903",2018Q3,,,,
678,9/5/2018,A,1,107,"57,891,180",2018Q3,,,,
679,9/5/2018,A,2,180,"34,283,098",2018Q3,,,,
680,9/6/2018,A,1,161,"84,262,090",2018Q3,,,,
681,9/6/2018,A,2,231,"37,519,225",2018Q3,,,,
682,9/7/2018,A,1,149,"83,785,100",2018Q3,,,,
683,9/7/2018,A,2,359,"38,617,850",2018Q3,,,,
684,9/8/2018,A,2,204,"36,680,747",2018Q3,,,,
685,9/8/2018,A,1,162,"83,643,870",2018Q3,,,,
686,9/9/2018,A,1,187,"93,821,330",2018Q3,,,,
687,9/9/2018,A,2,221,"34,343,709",2018Q3,,,,
688,9/10/2018,A,1,137,"75,162,650",2018Q3,,,,
689,9/10/2018,A,2,195,"37,817,795",2018Q3,,,,
690,9/11/2018,A,2,184,"36,722,155",2018Q3,,,,
691,9/11/2018,A,1,132,"67,090,081",2018Q3,,,,
692,9/12/2018,A,1,155,"84,388,840",2018Q3,,,,
693,9/12/2018,A,2,187,"36,285,704",2018Q3,,,,
694,9/13/2018,A,2,188,"34,012,632",2018Q3,,,,
695,9/13/2018,A,1,162,"83,082,030",2018Q3,,,,
696,9/14/2018,A,1,111,"58,799,030",2018Q3,,,,
697,9/14/2018,A,2,162,"29,352,457",2018Q3,,,,
698,9/15/2018,A,1,90,"48,099,980",2018Q3,,,,
699,9/15/2018,A,2,163,"32,277,894",2018Q3,,,,
700,9/16/2018,A,1,60,"47,999,720",2018Q3,,,,
701,9/16/2018,A,2,150,"28,409,600",2018Q3,,,,
702,9/17/2018,A,1,77,"53,772,535",2018Q3,,,,
703,9/17/2018,A,2,199,"36,816,364",2018Q3,,,,
704,9/18/2018,A,1,98,"52,828,650",2018Q3,,,,
705,9/18/2018,A,2,202,"37,065,604",2018Q3,,,,
706,9/19/2018,A,2,207,"38,517,347",2018Q3,,,,
707,9/19/2018,A,1,114,"78,283,430",2018Q3,,,,
708,9/20/2018,A,2,200,"39,383,915",2018Q3,,,,
709,9/20/2018,A,1,117,"77,866,400",2018Q3,,,,
710,9/21/2018,A,2,174,"35,963,884",2018Q3,,,,
711,9/21/2018,A,1,90,"74,961,100",2018Q3,,,,
712,9/22/2018,A,1,77,"67,308,840",2018Q3,,,,
713,9/22/2018,A,2,163,"29,693,767",2018Q3,,,,
714,9/23/2018,A,1,97,"111,702,210",2018Q3,,,,
715,9/23/2018,A,2,146,"27,987,825",2018Q3,,,,
716,9/24/2018,A,2,230,"42,266,138",2018Q3,,,,
717,9/24/2018,A,1,97,"65,480,370",2018Q3,,,,
718,9/25/2018,A,1,109,"84,257,690",2018Q3,,,,
719,9/25/2018,A,2,216,"42,712,802",2018Q3,,,,
720,9/26/2018,A,1,114,"107,172,010",2018Q3,,,,
721,9/26/2018,A,2,203,"36,345,737",2018Q3,,,,
722,9/27/2018,A,2,196,"37,211,136",2018Q3,,,,
723,9/27/2018,A,1,108,"81,947,580",2018Q3,,,,
724,9/28/2018,A,2,195,"38,500,712",2018Q3,,,,
725,9/28/2018,A,1,106,"88,288,800",2018Q3,,,,
726,9/29/2018,A,2,183,"33,435,608",2018Q3,,,,
727,9/29/2018,A,1,79,"70,059,570",2018Q3,,,,
728,9/30/2018,A,1,76,"56,706,500",2018Q3,,,,
729,9/30/2018,A,2,166,"29,831,990",2018Q3,,,,
